{"cameraMode":{"drawMode":0,"name":"Shaded","section":"Shading Mode"},"sceneLighting":true,"audioPlay":false,"sceneViewState":{"m_AlwaysRefresh":false,"showFog":true,"showSkybox":true,"showFlares":true,"showImageEffects":true,"showParticleSystems":true,"showVisualEffectGraphs":true,"m_FxEnabled":true},"in2DMode":false,"pivot":{"x":3.357635259628296,"y":4.64332914352417,"z":-11.129329681396485},"rotation":{"x":0.00025975125026889145,"y":0.9996865391731262,"z":0.011687357909977436,"w":-0.022195497527718545},"size":13.888501167297364,"orthographic":false}